{"cameraMode":{"drawMode":0,"name":"Shaded","section":"Shading Mode"},"sceneLighting":true,"audioPlay":false,"sceneViewState":{"showFog":true,"showMaterialUpdate":false,"showSkybox":true,"showFlares":true,"showImageEffects":true,"showParticleSystems":true},"in2DMode":false,"pivot":{"x":-23.290863037109376,"y":12.482063293457032,"z":-28.810535430908204},"rotation":{"x":0.4778415858745575,"y":-0.018448740243911744,"z":0.01003795862197876,"w":0.878207802772522},"size":23.56018829345703,"orthographic":false}